Transaction ID,Date,Gender,Age,Age Group,Product Category,Quantity,Price per Unit,Total Amount
4,5/21/2023,Male,37,Middle Age,Clothing,1,500,500
7,3/13/2023,Male,46,Middle Age,Clothing,2,25,50
10,10/7/2023,Female,52,Middle Age,Clothing,4,50,200
23,4/12/2023,Female,35,Middle Age,Clothing,4,30,120
24,11/29/2023,Female,49,Middle Age,Clothing,1,300,300
34,12/24/2023,Female,51,Middle Age,Clothing,3,50,150
41,2/22/2023,Male,34,Middle Age,Clothing,2,25,50
43,7/14/2023,Female,48,Middle Age,Clothing,1,300,300
64,1/24/2023,Male,49,Middle Age,Clothing,4,25,100
70,2/21/2023,Female,43,Middle Age,Clothing,1,300,300
77,7/9/2023,Female,47,Middle Age,Clothing,2,50,100
78,7/1/2023,Female,47,Middle Age,Clothing,3,500,1500
95,11/24/2023,Female,32,Middle Age,Clothing,2,30,60
96,12/19/2023,Female,44,Middle Age,Clothing,2,300,600
101,1/29/2023,Male,32,Middle Age,Clothing,2,300,600
106,5/18/2023,Female,46,Middle Age,Clothing,1,50,50
112,12/2/2023,Male,37,Middle Age,Clothing,3,500,1500
115,11/26/2023,Male,51,Middle Age,Clothing,3,500,1500
124,10/27/2023,Male,33,Middle Age,Clothing,4,500,2000
125,8/8/2023,Male,48,Middle Age,Clothing,2,50,100
127,7/24/2023,Female,33,Middle Age,Clothing,2,25,50
138,3/23/2023,Male,49,Middle Age,Clothing,4,50,200
143,7/17/2023,Female,45,Middle Age,Clothing,1,50,50
145,11/2/2023,Female,39,Middle Age,Clothing,3,25,75
146,8/28/2023,Male,38,Middle Age,Clothing,4,50,200
156,11/25/2023,Female,43,Middle Age,Clothing,4,25,100
160,8/11/2023,Female,43,Middle Age,Clothing,2,50,100
162,8/21/2023,Male,39,Middle Age,Clothing,2,30,60
166,4/2/2023,Male,34,Middle Age,Clothing,4,500,2000
167,9/17/2023,Female,43,Middle Age,Clothing,3,50,150
168,2/24/2023,Male,53,Middle Age,Clothing,1,300,300
171,11/24/2023,Female,52,Middle Age,Clothing,3,300,900
178,10/4/2023,Male,40,Middle Age,Clothing,2,30,60
180,1/1/2023,Male,41,Middle Age,Clothing,3,300,900
188,5/3/2023,Male,40,Middle Age,Clothing,3,25,75
195,2/5/2023,Male,52,Middle Age,Clothing,1,30,30
196,9/30/2023,Female,32,Middle Age,Clothing,3,300,900
197,3/6/2023,Female,42,Middle Age,Clothing,4,50,200
202,3/26/2023,Female,34,Middle Age,Clothing,4,300,1200
205,11/7/2023,Female,43,Middle Age,Clothing,1,25,25
222,4/26/2023,Male,51,Middle Age,Clothing,4,30,120
236,4/28/2023,Female,54,Middle Age,Clothing,1,25,25
245,9/6/2023,Male,47,Middle Age,Clothing,3,30,90
253,8/31/2023,Female,53,Middle Age,Clothing,4,500,2000
255,4/8/2023,Male,48,Middle Age,Clothing,1,30,30
258,12/4/2023,Female,37,Middle Age,Clothing,1,50,50
259,8/9/2023,Female,45,Middle Age,Clothing,4,50,200
264,1/28/2023,Male,47,Middle Age,Clothing,3,300,900
275,4/8/2023,Male,43,Middle Age,Clothing,2,500,1000
277,8/18/2023,Male,36,Middle Age,Clothing,4,25,100
278,3/13/2023,Female,37,Middle Age,Clothing,4,25,100
279,8/5/2023,Male,50,Middle Age,Clothing,1,500,500
280,4/4/2023,Female,37,Middle Age,Clothing,3,500,1500
284,2/8/2023,Male,43,Middle Age,Clothing,4,50,200
287,2/20/2023,Male,54,Middle Age,Clothing,4,25,100
312,9/7/2023,Male,41,Middle Age,Clothing,4,30,120
314,4/8/2023,Male,52,Middle Age,Clothing,4,30,120
315,6/1/2023,Male,47,Middle Age,Clothing,2,30,60
316,4/22/2023,Female,48,Middle Age,Clothing,2,25,50
337,5/1/2023,Male,38,Middle Age,Clothing,1,500,500
340,10/19/2023,Female,36,Middle Age,Clothing,4,300,1200
342,10/24/2023,Female,43,Middle Age,Clothing,4,500,2000
359,7/22/2023,Male,50,Middle Age,Clothing,1,50,50
360,3/9/2023,Male,42,Middle Age,Clothing,4,25,100
362,11/27/2023,Male,50,Middle Age,Clothing,1,25,25
375,9/17/2023,Male,32,Middle Age,Clothing,1,50,50
377,3/9/2023,Female,46,Middle Age,Clothing,4,50,200
379,2/5/2023,Female,47,Middle Age,Clothing,1,25,25
381,7/9/2023,Female,44,Middle Age,Clothing,4,25,100
382,5/26/2023,Female,53,Middle Age,Clothing,2,500,1000
398,5/16/2023,Female,48,Middle Age,Clothing,2,300,600
400,2/24/2023,Male,53,Middle Age,Clothing,4,50,200
402,3/21/2023,Female,41,Middle Age,Clothing,2,300,600
403,5/20/2023,Male,32,Middle Age,Clothing,2,300,600
415,1/27/2023,Male,53,Middle Age,Clothing,2,30,60
419,5/22/2023,Female,44,Middle Age,Clothing,3,30,90
421,1/2/2023,Female,37,Middle Age,Clothing,3,500,1500
438,1/19/2023,Female,42,Middle Age,Clothing,1,30,30
439,7/9/2023,Male,50,Middle Age,Clothing,3,25,75
452,5/8/2023,Female,48,Middle Age,Clothing,3,500,1500
471,3/23/2023,Male,32,Middle Age,Clothing,3,50,150
477,4/24/2023,Male,43,Middle Age,Clothing,4,30,120
487,7/24/2023,Male,44,Middle Age,Clothing,4,500,2000
490,2/5/2023,Male,34,Middle Age,Clothing,3,50,150
497,10/2/2023,Male,41,Middle Age,Clothing,4,30,120
498,6/19/2023,Female,50,Middle Age,Clothing,4,25,100
515,7/17/2023,Female,49,Middle Age,Clothing,3,300,900
517,4/8/2023,Female,47,Middle Age,Clothing,4,25,100
518,5/11/2023,Female,40,Middle Age,Clothing,1,30,30
521,8/12/2023,Female,47,Middle Age,Clothing,4,30,120
526,12/10/2023,Male,33,Middle Age,Clothing,2,50,100
528,7/6/2023,Female,36,Middle Age,Clothing,2,30,60
529,8/9/2023,Female,35,Middle Age,Clothing,3,50,150
534,6/10/2023,Male,45,Middle Age,Clothing,2,500,1000
548,4/9/2023,Female,51,Middle Age,Clothing,2,30,60
550,12/7/2023,Male,40,Middle Age,Clothing,3,300,900
558,10/8/2023,Female,41,Middle Age,Clothing,1,25,25
559,1/1/2023,Female,40,Middle Age,Clothing,4,300,1200
570,8/15/2023,Male,49,Middle Age,Clothing,1,500,500
578,5/26/2023,Female,54,Middle Age,Clothing,4,30,120
582,11/14/2023,Male,35,Middle Age,Clothing,3,300,900
590,3/17/2023,Male,36,Middle Age,Clothing,3,300,900
603,7/16/2023,Female,40,Middle Age,Clothing,3,30,90
607,3/17/2023,Male,54,Middle Age,Clothing,3,25,75
609,12/19/2023,Female,47,Middle Age,Clothing,2,50,100
613,4/23/2023,Female,52,Middle Age,Clothing,3,30,90
616,9/23/2023,Male,41,Middle Age,Clothing,2,50,100
623,3/10/2023,Male,34,Middle Age,Clothing,3,50,150
630,8/15/2023,Male,42,Middle Age,Clothing,2,50,100
637,9/1/2023,Male,43,Middle Age,Clothing,2,300,600
642,5/22/2023,Female,54,Middle Age,Clothing,4,25,100
646,5/3/2023,Male,38,Middle Age,Clothing,3,30,90
651,5/27/2023,Male,51,Middle Age,Clothing,3,50,150
653,5/20/2023,Male,54,Middle Age,Clothing,3,25,75
654,6/21/2023,Male,42,Middle Age,Clothing,3,25,75
657,2/11/2023,Male,40,Middle Age,Clothing,1,25,25
661,7/16/2023,Female,44,Middle Age,Clothing,4,25,100
664,12/28/2023,Female,44,Middle Age,Clothing,4,500,2000
673,2/1/2023,Female,43,Middle Age,Clothing,3,500,1500
674,4/16/2023,Female,38,Middle Age,Clothing,1,300,300
675,8/4/2023,Female,45,Middle Age,Clothing,2,30,60
680,10/22/2023,Female,53,Middle Age,Clothing,3,300,900
690,11/5/2023,Female,52,Middle Age,Clothing,3,300,900
691,4/23/2023,Female,51,Middle Age,Clothing,3,30,90
696,9/6/2023,Female,50,Middle Age,Clothing,4,50,200
697,1/15/2023,Male,53,Middle Age,Clothing,1,500,500
699,6/22/2023,Female,37,Middle Age,Clothing,4,30,120
719,4/4/2023,Female,42,Middle Age,Clothing,2,30,60
721,5/14/2023,Female,52,Middle Age,Clothing,1,500,500
726,6/17/2023,Male,47,Middle Age,Clothing,4,300,1200
730,8/4/2023,Female,36,Middle Age,Clothing,2,25,50
731,5/10/2023,Male,54,Middle Age,Clothing,4,500,2000
737,6/29/2023,Female,33,Middle Age,Clothing,1,50,50
738,4/25/2023,Male,41,Middle Age,Clothing,2,50,100
741,11/30/2023,Male,48,Middle Age,Clothing,1,300,300
746,1/11/2023,Female,33,Middle Age,Clothing,3,30,90
750,3/6/2023,Female,35,Middle Age,Clothing,3,25,75
751,8/31/2023,Female,42,Middle Age,Clothing,2,25,50
753,2/28/2023,Female,32,Middle Age,Clothing,1,30,30
761,11/7/2023,Female,33,Middle Age,Clothing,1,500,500
763,2/28/2023,Male,34,Middle Age,Clothing,2,25,50
764,3/25/2023,Female,40,Middle Age,Clothing,1,25,25
765,6/9/2023,Male,43,Middle Age,Clothing,4,50,200
770,10/22/2023,Male,32,Middle Age,Clothing,1,50,50
774,4/12/2023,Female,40,Middle Age,Clothing,2,25,50
776,10/31/2023,Male,35,Middle Age,Clothing,3,30,90
786,10/17/2023,Male,48,Middle Age,Clothing,4,25,100
797,1/7/2023,Male,40,Middle Age,Clothing,3,25,75
800,2/24/2023,Male,32,Middle Age,Clothing,4,300,1200
803,11/22/2023,Male,39,Middle Age,Clothing,4,25,100
815,8/27/2023,Female,51,Middle Age,Clothing,3,25,75
826,10/19/2023,Female,46,Middle Age,Clothing,1,300,300
835,9/7/2023,Male,37,Middle Age,Clothing,4,50,200
842,12/26/2023,Female,47,Middle Age,Clothing,2,300,600
844,10/12/2023,Male,35,Middle Age,Clothing,3,50,150
845,1/6/2023,Male,54,Middle Age,Clothing,1,500,500
849,5/4/2023,Male,32,Middle Age,Clothing,2,25,50
852,10/12/2023,Female,41,Middle Age,Clothing,1,300,300
861,2/17/2023,Female,41,Middle Age,Clothing,3,30,90
865,12/21/2023,Female,42,Middle Age,Clothing,1,300,300
876,10/9/2023,Male,43,Middle Age,Clothing,4,30,120
885,3/3/2023,Female,52,Middle Age,Clothing,4,30,120
898,11/2/2023,Female,42,Middle Age,Clothing,3,30,90
928,4/5/2023,Female,35,Middle Age,Clothing,4,300,1200
930,5/10/2023,Male,54,Middle Age,Clothing,4,50,200
938,11/19/2023,Male,49,Middle Age,Clothing,4,50,200
942,3/18/2023,Male,51,Middle Age,Clothing,3,500,1500
944,6/5/2023,Male,44,Middle Age,Clothing,2,25,50
950,11/7/2023,Male,36,Middle Age,Clothing,3,300,900
962,10/19/2023,Male,44,Middle Age,Clothing,2,30,60
968,11/17/2023,Female,48,Middle Age,Clothing,3,300,900
969,4/19/2023,Female,40,Middle Age,Clothing,3,300,900
978,3/22/2023,Female,53,Middle Age,Clothing,3,50,150
986,1/17/2023,Female,49,Middle Age,Clothing,2,500,1000
991,12/26/2023,Female,34,Middle Age,Clothing,2,50,100
995,4/30/2023,Female,41,Middle Age,Clothing,1,30,30
3,1/13/2023,Male,50,Middle Age,Electronics,1,30,30
15,1/16/2023,Female,42,Middle Age,Electronics,4,500,2000
18,4/30/2023,Female,47,Middle Age,Electronics,2,25,50
29,8/18/2023,Female,42,Middle Age,Electronics,1,30,30
31,5/23/2023,Male,44,Middle Age,Electronics,4,300,1200
33,3/23/2023,Female,50,Middle Age,Electronics,2,50,100
48,5/16/2023,Male,54,Middle Age,Electronics,3,300,900
49,1/23/2023,Female,54,Middle Age,Electronics,2,500,1000
53,7/13/2023,Male,34,Middle Age,Electronics,2,50,100
54,2/10/2023,Female,38,Middle Age,Electronics,3,500,1500
65,12/5/2023,Male,51,Middle Age,Electronics,4,500,2000
66,4/27/2023,Female,45,Middle Age,Electronics,1,30,30
81,5/17/2023,Male,40,Middle Age,Electronics,1,50,50
83,12/16/2023,Male,54,Middle Age,Electronics,2,50,100
84,11/28/2023,Female,38,Middle Age,Electronics,3,30,90
90,5/6/2023,Female,51,Middle Age,Electronics,1,30,30
92,8/25/2023,Female,51,Middle Age,Electronics,4,30,120
99,12/17/2023,Female,50,Middle Age,Electronics,4,300,1200
100,6/16/2023,Male,41,Middle Age,Electronics,1,30,30
109,10/18/2023,Female,34,Middle Age,Electronics,4,500,2000
111,4/19/2023,Female,34,Middle Age,Electronics,3,500,1500
113,9/13/2023,Female,41,Middle Age,Electronics,2,25,50
123,5/15/2023,Female,40,Middle Age,Electronics,2,30,60
132,9/10/2023,Male,42,Middle Age,Electronics,4,50,200
134,1/25/2023,Male,49,Middle Age,Electronics,1,50,50
136,3/20/2023,Male,44,Middle Age,Electronics,2,300,600
140,8/5/2023,Male,38,Middle Age,Electronics,1,30,30
142,2/2/2023,Male,35,Middle Age,Electronics,4,300,1200
152,2/28/2023,Male,43,Middle Age,Electronics,4,500,2000
154,10/2/2023,Male,51,Middle Age,Electronics,3,300,900
158,2/27/2023,Female,44,Middle Age,Electronics,2,300,600
208,10/4/2023,Female,34,Middle Age,Electronics,4,50,200
210,4/13/2023,Male,37,Middle Age,Electronics,4,50,200
217,8/13/2023,Female,35,Middle Age,Electronics,4,50,200
219,8/20/2023,Female,53,Middle Age,Electronics,3,30,90
227,10/11/2023,Male,36,Middle Age,Electronics,2,50,100
239,6/19/2023,Male,38,Middle Age,Electronics,3,500,1500
243,5/23/2023,Female,47,Middle Age,Electronics,3,300,900
246,4/20/2023,Female,48,Middle Age,Electronics,2,25,50
247,10/4/2023,Male,41,Middle Age,Electronics,2,30,60
250,10/23/2023,Male,48,Middle Age,Electronics,1,50,50
252,5/5/2023,Male,54,Middle Age,Electronics,1,300,300
254,7/28/2023,Male,41,Middle Age,Electronics,1,500,500
270,7/26/2023,Male,43,Middle Age,Electronics,1,300,300
289,11/30/2023,Male,53,Middle Age,Electronics,2,30,60
293,5/2/2023,Male,50,Middle Age,Electronics,3,30,90
297,9/4/2023,Female,40,Middle Age,Electronics,2,500,1000
304,7/19/2023,Female,37,Middle Age,Electronics,2,30,60
306,8/21/2023,Male,54,Middle Age,Electronics,1,50,50
322,1/30/2023,Male,51,Middle Age,Electronics,1,500,500
324,10/27/2023,Female,52,Middle Age,Electronics,3,50,150
325,9/2/2023,Female,52,Middle Age,Electronics,2,25,50
329,1/30/2023,Female,46,Middle Age,Electronics,4,25,100
333,2/5/2023,Female,54,Middle Age,Electronics,4,300,1200
347,8/3/2023,Male,42,Middle Age,Electronics,1,25,25
348,12/3/2023,Female,35,Middle Age,Electronics,2,300,600
356,6/10/2023,Male,50,Middle Age,Electronics,3,500,1500
357,5/3/2023,Female,40,Middle Age,Electronics,3,25,75
361,12/10/2023,Female,34,Middle Age,Electronics,4,300,1200
385,10/6/2023,Male,50,Middle Age,Electronics,3,500,1500
386,12/27/2023,Female,54,Middle Age,Electronics,2,300,600
388,11/10/2023,Male,50,Middle Age,Electronics,1,25,25
390,9/28/2023,Male,39,Middle Age,Electronics,2,50,100
395,12/6/2023,Male,50,Middle Age,Electronics,2,500,1000
404,5/25/2023,Male,46,Middle Age,Electronics,2,500,1000
407,6/25/2023,Female,46,Middle Age,Electronics,3,300,900
416,2/17/2023,Male,53,Middle Age,Electronics,4,500,2000
417,11/21/2023,Male,43,Middle Age,Electronics,3,300,900
428,10/10/2023,Female,40,Middle Age,Electronics,4,50,200
430,8/7/2023,Female,43,Middle Age,Electronics,3,300,900
434,2/8/2023,Female,43,Middle Age,Electronics,2,25,50
437,10/7/2023,Female,35,Middle Age,Electronics,4,300,1200
445,1/22/2023,Female,53,Middle Age,Electronics,1,300,300
451,12/16/2023,Female,45,Middle Age,Electronics,1,30,30
458,11/14/2023,Female,39,Middle Age,Electronics,4,25,100
464,1/13/2023,Male,38,Middle Age,Electronics,2,300,600
465,4/2/2023,Female,43,Middle Age,Electronics,3,50,150
467,7/30/2023,Female,53,Middle Age,Electronics,3,50,150
468,12/9/2023,Male,40,Middle Age,Electronics,1,25,25
479,8/24/2023,Male,52,Middle Age,Electronics,4,300,1200
481,6/6/2023,Female,43,Middle Age,Electronics,4,300,1200
486,4/9/2023,Female,35,Middle Age,Electronics,1,25,25
488,6/18/2023,Female,51,Middle Age,Electronics,3,300,900
489,5/23/2023,Male,44,Middle Age,Electronics,1,30,30
501,5/14/2023,Male,39,Middle Age,Electronics,2,30,60
502,4/2/2023,Male,43,Middle Age,Electronics,3,50,150
507,11/2/2023,Female,37,Middle Age,Electronics,3,500,1500
509,6/26/2023,Female,37,Middle Age,Electronics,3,300,900
519,1/23/2023,Female,36,Middle Age,Electronics,4,30,120
520,12/29/2023,Female,49,Middle Age,Electronics,4,25,100
540,12/8/2023,Female,46,Middle Age,Electronics,3,300,900
546,10/11/2023,Female,36,Middle Age,Electronics,4,50,200
551,7/14/2023,Male,45,Middle Age,Electronics,3,300,900
552,12/13/2023,Female,49,Middle Age,Electronics,3,25,75
562,4/18/2023,Male,54,Middle Age,Electronics,2,25,50
564,10/24/2023,Male,50,Middle Age,Electronics,2,50,100
568,8/27/2023,Female,51,Middle Age,Electronics,1,300,300
569,8/15/2023,Male,52,Middle Age,Electronics,4,50,200
571,12/12/2023,Female,41,Middle Age,Electronics,1,50,50
579,9/21/2023,Female,38,Middle Age,Electronics,1,30,30
586,12/11/2023,Male,50,Middle Age,Electronics,1,50,50
588,4/26/2023,Male,38,Middle Age,Electronics,2,30,60
591,1/13/2023,Male,53,Middle Age,Electronics,4,25,100
593,5/6/2023,Male,35,Middle Age,Electronics,2,30,60
605,7/24/2023,Male,37,Middle Age,Electronics,2,500,1000
617,8/26/2023,Male,34,Middle Age,Electronics,1,30,30
619,10/13/2023,Male,47,Middle Age,Electronics,4,25,100
638,8/19/2023,Male,46,Middle Age,Electronics,1,500,500
640,5/7/2023,Female,51,Middle Age,Electronics,4,30,120
641,11/23/2023,Female,40,Middle Age,Electronics,1,300,300
645,11/17/2023,Female,35,Middle Age,Electronics,4,30,120
659,3/19/2023,Female,39,Middle Age,Electronics,1,30,30
666,2/2/2023,Male,51,Middle Age,Electronics,3,50,150
681,7/14/2023,Female,43,Middle Age,Electronics,2,30,60
687,8/3/2023,Female,53,Middle Age,Electronics,1,300,300
694,5/20/2023,Female,39,Middle Age,Electronics,2,25,50
700,12/9/2023,Male,36,Middle Age,Electronics,4,500,2000
703,3/26/2023,Male,34,Middle Age,Electronics,2,50,100
706,11/15/2023,Male,51,Middle Age,Electronics,4,25,100
728,7/14/2023,Male,51,Middle Age,Electronics,3,50,150
742,1/21/2023,Female,38,Middle Age,Electronics,4,500,2000
744,5/7/2023,Male,40,Middle Age,Electronics,1,25,25
754,10/16/2023,Female,43,Middle Age,Electronics,4,25,100
757,12/25/2023,Female,43,Middle Age,Electronics,4,300,1200
759,7/8/2023,Male,49,Middle Age,Electronics,2,50,100
766,2/25/2023,Male,38,Middle Age,Electronics,3,300,900
775,2/8/2023,Female,46,Middle Age,Electronics,4,25,100
777,12/20/2023,Male,48,Middle Age,Electronics,3,50,150
780,2/22/2023,Male,52,Middle Age,Electronics,2,25,50
784,11/4/2023,Female,34,Middle Age,Electronics,1,500,500
787,1/22/2023,Male,41,Middle Age,Electronics,1,25,25
804,8/24/2023,Male,42,Middle Age,Electronics,1,30,30
807,8/11/2023,Female,50,Middle Age,Electronics,4,50,200
813,10/3/2023,Male,52,Middle Age,Electronics,3,50,150
820,5/6/2023,Male,49,Middle Age,Electronics,4,50,200
821,2/14/2023,Male,49,Middle Age,Electronics,1,300,300
828,12/9/2023,Female,33,Middle Age,Electronics,4,300,1200
838,5/13/2023,Male,47,Middle Age,Electronics,2,300,600
851,9/8/2023,Male,32,Middle Age,Electronics,2,25,50
856,11/27/2023,Male,54,Middle Age,Electronics,4,30,120
864,7/27/2023,Female,51,Middle Age,Electronics,1,500,500
870,7/8/2023,Female,46,Middle Age,Electronics,4,30,120
875,8/6/2023,Female,51,Middle Age,Electronics,4,500,2000
883,5/9/2023,Male,40,Middle Age,Electronics,1,500,500
886,4/9/2023,Male,37,Middle Age,Electronics,3,300,900
888,3/3/2023,Female,52,Middle Age,Electronics,4,25,100
889,10/2/2023,Female,35,Middle Age,Electronics,1,50,50
890,12/20/2023,Male,34,Middle Age,Electronics,2,25,50
891,4/5/2023,Male,41,Middle Age,Electronics,3,300,900
893,4/21/2023,Male,49,Middle Age,Electronics,1,50,50
894,9/5/2023,Male,52,Middle Age,Electronics,1,30,30
907,1/8/2023,Female,45,Middle Age,Electronics,1,25,25
911,5/21/2023,Male,42,Middle Age,Electronics,3,300,900
916,12/24/2023,Female,32,Middle Age,Electronics,1,50,50
918,11/23/2023,Female,42,Middle Age,Electronics,3,30,90
921,1/7/2023,Male,51,Middle Age,Electronics,3,25,75
922,10/21/2023,Male,41,Middle Age,Electronics,1,50,50
927,6/24/2023,Male,43,Middle Age,Electronics,4,500,2000
939,12/18/2023,Female,46,Middle Age,Electronics,1,300,300
949,8/2/2023,Female,41,Middle Age,Electronics,2,25,50
954,9/25/2023,Female,50,Middle Age,Electronics,3,300,900
959,10/29/2023,Female,42,Middle Age,Electronics,2,30,60
977,2/8/2023,Female,35,Middle Age,Electronics,3,25,75
989,12/28/2023,Female,44,Middle Age,Electronics,1,25,25
993,2/6/2023,Female,48,Middle Age,Electronics,3,50,150
999,12/5/2023,Female,36,Middle Age,Electronics,3,50,150
1000,4/12/2023,Male,47,Middle Age,Electronics,4,30,120
1,11/24/2023,Male,34,Middle Age,Beauty,3,50,150
6,4/25/2023,Female,45,Middle Age,Beauty,1,30,30
12,10/30/2023,Male,35,Middle Age,Beauty,3,25,75
21,1/14/2023,Female,50,Middle Age,Beauty,1,500,500
27,8/3/2023,Female,38,Middle Age,Beauty,2,25,50
28,4/23/2023,Female,43,Middle Age,Beauty,1,500,500
30,10/29/2023,Female,39,Middle Age,Beauty,3,300,900
36,6/24/2023,Male,52,Middle Age,Beauty,3,300,900
38,3/21/2023,Male,38,Middle Age,Beauty,4,50,200
40,6/22/2023,Male,45,Middle Age,Beauty,1,50,50
47,11/6/2023,Female,40,Middle Age,Beauty,3,500,1500
52,3/5/2023,Female,36,Middle Age,Beauty,1,300,300
67,5/29/2023,Female,48,Middle Age,Beauty,4,300,1200
71,7/14/2023,Female,51,Middle Age,Beauty,4,25,100
79,4/18/2023,Male,34,Middle Age,Beauty,1,300,300
82,12/26/2023,Female,32,Middle Age,Beauty,4,50,200
93,7/14/2023,Female,35,Middle Age,Beauty,4,500,2000
94,5/19/2023,Female,47,Middle Age,Beauty,2,500,1000
97,10/13/2023,Female,51,Middle Age,Beauty,2,500,1000
102,4/28/2023,Female,47,Middle Age,Beauty,2,25,50
104,6/11/2023,Female,34,Middle Age,Beauty,2,500,1000
137,11/18/2023,Male,46,Middle Age,Beauty,2,500,1000
139,12/15/2023,Male,36,Middle Age,Beauty,4,500,2000
164,5/15/2023,Female,47,Middle Age,Beauty,3,500,1500
172,9/17/2023,Male,32,Middle Age,Beauty,2,25,50
174,4/12/2023,Female,39,Middle Age,Beauty,1,300,300
176,7/11/2023,Female,43,Middle Age,Beauty,2,50,100
177,3/24/2023,Male,45,Middle Age,Beauty,2,50,100
183,9/8/2023,Female,43,Middle Age,Beauty,3,300,900
193,2/13/2023,Male,35,Middle Age,Beauty,3,500,1500
198,3/7/2023,Female,54,Middle Age,Beauty,3,300,900
199,12/4/2023,Male,45,Middle Age,Beauty,3,500,1500
204,9/28/2023,Male,39,Middle Age,Beauty,1,25,25
207,4/19/2023,Female,42,Middle Age,Beauty,2,25,50
211,1/1/2024,Male,42,Middle Age,Beauty,3,500,1500
221,5/7/2023,Male,39,Middle Age,Beauty,2,300,600
230,4/23/2023,Male,54,Middle Age,Beauty,1,25,25
232,2/6/2023,Female,43,Middle Age,Beauty,1,25,25
233,12/29/2023,Female,51,Middle Age,Beauty,2,300,600
237,2/4/2023,Female,50,Middle Age,Beauty,2,500,1000
238,1/17/2023,Female,39,Middle Age,Beauty,1,500,500
262,7/30/2023,Female,32,Middle Age,Beauty,4,30,120
267,11/27/2023,Female,32,Middle Age,Beauty,3,30,90
308,8/5/2023,Female,34,Middle Age,Beauty,4,300,1200
311,12/5/2023,Female,32,Middle Age,Beauty,4,25,100
328,3/22/2023,Male,39,Middle Age,Beauty,2,50,100
335,2/4/2023,Female,47,Middle Age,Beauty,4,30,120
336,12/12/2023,Female,52,Middle Age,Beauty,3,50,150
338,7/26/2023,Male,54,Middle Age,Beauty,2,50,100
344,1/21/2023,Female,42,Middle Age,Beauty,1,30,30
354,4/15/2023,Female,49,Middle Age,Beauty,4,50,200
358,5/16/2023,Female,32,Middle Age,Beauty,1,300,300
378,6/28/2023,Male,50,Middle Age,Beauty,1,300,300
383,3/22/2023,Female,46,Middle Age,Beauty,3,30,90
387,6/4/2023,Male,44,Middle Age,Beauty,1,30,30
413,9/8/2023,Female,44,Middle Age,Beauty,3,25,75
414,5/9/2023,Male,48,Middle Age,Beauty,4,25,100
448,1/21/2023,Female,54,Middle Age,Beauty,2,30,60
454,2/22/2023,Female,46,Middle Age,Beauty,1,25,25
460,5/2/2023,Male,40,Middle Age,Beauty,1,50,50
463,7/31/2023,Female,54,Middle Age,Beauty,3,500,1500
472,12/26/2023,Female,38,Middle Age,Beauty,3,300,900
480,6/29/2023,Female,42,Middle Age,Beauty,4,500,2000
493,11/25/2023,Male,41,Middle Age,Beauty,2,25,50
494,9/18/2023,Female,42,Middle Age,Beauty,4,50,200
499,1/15/2023,Male,46,Middle Age,Beauty,2,30,60
503,10/25/2023,Male,45,Middle Age,Beauty,4,500,2000
504,5/16/2023,Female,38,Middle Age,Beauty,3,50,150
506,2/25/2023,Male,34,Middle Age,Beauty,3,500,1500
510,6/10/2023,Female,39,Middle Age,Beauty,4,50,200
511,8/12/2023,Male,45,Middle Age,Beauty,2,50,100
522,1/1/2023,Male,46,Middle Age,Beauty,3,500,1500
524,10/3/2023,Male,46,Middle Age,Beauty,4,300,1200
525,12/18/2023,Female,47,Middle Age,Beauty,2,25,50
535,12/6/2023,Male,47,Middle Age,Beauty,3,30,90
543,7/26/2023,Male,49,Middle Age,Beauty,2,300,600
549,8/4/2023,Female,50,Middle Age,Beauty,2,50,100
554,11/12/2023,Female,46,Middle Age,Beauty,3,50,150
565,11/7/2023,Female,45,Middle Age,Beauty,2,30,60
573,9/19/2023,Male,49,Middle Age,Beauty,2,30,60
576,12/4/2023,Female,33,Middle Age,Beauty,3,50,150
581,11/21/2023,Female,48,Middle Age,Beauty,2,30,60
587,6/8/2023,Female,40,Middle Age,Beauty,4,300,1200
589,4/12/2023,Female,36,Middle Age,Beauty,2,500,1000
592,1/24/2023,Female,46,Middle Age,Beauty,4,500,2000
598,8/1/2023,Male,37,Middle Age,Beauty,4,30,120
611,2/24/2023,Male,51,Middle Age,Beauty,3,500,1500
614,4/1/2023,Female,39,Middle Age,Beauty,4,300,1200
621,3/4/2023,Female,40,Middle Age,Beauty,2,500,1000
622,8/22/2023,Female,49,Middle Age,Beauty,3,25,75
624,8/26/2023,Female,34,Middle Age,Beauty,3,300,900
633,8/7/2023,Male,39,Middle Age,Beauty,4,30,120
648,8/14/2023,Male,53,Middle Age,Beauty,4,300,1200
652,5/1/2023,Female,34,Middle Age,Beauty,2,50,100
660,4/29/2023,Female,38,Middle Age,Beauty,2,500,1000
662,12/22/2023,Male,48,Middle Age,Beauty,2,500,1000
672,8/1/2023,Female,34,Middle Age,Beauty,2,50,100
682,9/2/2023,Male,46,Middle Age,Beauty,4,300,1200
683,1/4/2023,Male,38,Middle Age,Beauty,2,500,1000
693,4/23/2023,Male,41,Middle Age,Beauty,3,500,1500
701,12/14/2023,Female,52,Middle Age,Beauty,2,30,60
708,1/14/2023,Female,43,Middle Age,Beauty,3,300,900
713,1/14/2023,Male,34,Middle Age,Beauty,3,25,75
715,11/26/2023,Female,42,Middle Age,Beauty,4,25,100
723,6/17/2023,Female,54,Middle Age,Beauty,4,50,200
733,8/29/2023,Male,34,Middle Age,Beauty,1,30,30
739,11/29/2023,Male,36,Middle Age,Beauty,1,25,25
743,1/16/2023,Female,34,Middle Age,Beauty,4,500,2000
745,4/13/2023,Male,54,Middle Age,Beauty,2,50,100
749,5/3/2023,Male,42,Middle Age,Beauty,1,30,30
767,10/24/2023,Male,39,Middle Age,Beauty,3,25,75
778,11/18/2023,Female,47,Middle Age,Beauty,4,25,100
781,12/23/2023,Male,35,Middle Age,Beauty,1,500,500
788,6/27/2023,Female,52,Middle Age,Beauty,3,300,900
791,12/5/2023,Female,51,Middle Age,Beauty,1,25,25
793,2/5/2023,Male,54,Middle Age,Beauty,1,30,30
796,6/24/2023,Male,43,Middle Age,Beauty,4,30,120
802,7/5/2023,Female,46,Middle Age,Beauty,1,30,30
806,3/20/2023,Female,35,Middle Age,Beauty,3,300,900
808,4/1/2023,Male,33,Middle Age,Beauty,4,500,2000
816,8/12/2023,Male,47,Middle Age,Beauty,2,500,1000
819,6/15/2023,Female,35,Middle Age,Beauty,2,50,100
822,5/23/2023,Female,52,Middle Age,Beauty,3,50,150
825,8/26/2023,Female,46,Middle Age,Beauty,1,25,25
832,9/11/2023,Male,47,Middle Age,Beauty,4,500,2000
833,6/16/2023,Male,42,Middle Age,Beauty,4,50,200
846,9/22/2023,Male,42,Middle Age,Beauty,1,50,50
855,9/1/2023,Male,54,Middle Age,Beauty,1,25,25
869,10/25/2023,Male,37,Middle Age,Beauty,3,500,1500
902,6/1/2023,Female,54,Middle Age,Beauty,1,50,50
903,4/27/2023,Female,51,Middle Age,Beauty,4,50,200
908,12/29/2023,Male,46,Middle Age,Beauty,4,300,1200
912,1/24/2023,Male,51,Middle Age,Beauty,3,50,150
923,5/26/2023,Male,32,Middle Age,Beauty,3,300,900
932,2/28/2023,Female,45,Middle Age,Beauty,4,25,100
935,9/9/2023,Female,34,Middle Age,Beauty,1,50,50
947,3/2/2023,Male,50,Middle Age,Beauty,1,300,300
951,11/2/2023,Male,33,Middle Age,Beauty,2,50,100
953,4/26/2023,Male,45,Middle Age,Beauty,3,30,90
961,6/6/2023,Male,53,Middle Age,Beauty,4,50,200
972,2/11/2023,Male,49,Middle Age,Beauty,4,25,100
974,5/3/2023,Male,47,Middle Age,Beauty,1,30,30
976,10/10/2023,Female,48,Middle Age,Beauty,2,300,600
982,12/19/2023,Female,46,Middle Age,Beauty,3,30,90
994,12/18/2023,Female,51,Middle Age,Beauty,2,500,1000
997,11/17/2023,Male,52,Middle Age,Beauty,3,30,90
2,2/27/2023,Female,26,Adolescent,Clothing,2,500,1000
11,2/14/2023,Male,23,Adolescent,Clothing,2,50,100
16,2/17/2023,Male,19,Adolescent,Clothing,3,500,1500
17,4/22/2023,Female,27,Adolescent,Clothing,4,25,100
20,11/5/2023,Male,22,Adolescent,Clothing,3,300,900
22,10/15/2023,Male,18,Adolescent,Clothing,2,50,100
39,4/21/2023,Male,23,Adolescent,Clothing,4,30,120
42,2/17/2023,Male,22,Adolescent,Clothing,3,300,900
44,2/19/2023,Female,22,Adolescent,Clothing,1,25,25
56,5/31/2023,Female,26,Adolescent,Clothing,3,300,900
58,11/13/2023,Male,18,Adolescent,Clothing,4,300,1200
85,2/6/2023,Male,31,Adolescent,Clothing,3,50,150
107,2/3/2023,Female,21,Adolescent,Clothing,4,300,1200
110,6/11/2023,Male,27,Adolescent,Clothing,3,300,900
116,8/23/2023,Female,23,Adolescent,Clothing,1,30,30
126,10/26/2023,Female,28,Adolescent,Clothing,3,30,90
135,2/26/2023,Male,20,Adolescent,Clothing,2,25,50
148,5/9/2023,Male,18,Adolescent,Clothing,2,30,60
149,10/11/2023,Male,22,Adolescent,Clothing,3,25,75
151,12/15/2023,Male,29,Adolescent,Clothing,1,50,50
159,5/31/2023,Male,26,Adolescent,Clothing,4,50,200
170,6/2/2023,Female,25,Adolescent,Clothing,2,25,50
185,2/27/2023,Male,24,Adolescent,Clothing,1,25,25
186,7/5/2023,Male,20,Adolescent,Clothing,4,50,200
212,6/9/2023,Male,21,Adolescent,Clothing,3,500,1500
224,6/23/2023,Female,25,Adolescent,Clothing,1,50,50
231,1/4/2023,Female,23,Adolescent,Clothing,3,50,150
242,5/2/2023,Male,21,Adolescent,Clothing,1,25,25
248,3/9/2023,Male,26,Adolescent,Clothing,3,300,900
249,10/20/2023,Male,20,Adolescent,Clothing,1,50,50
256,2/18/2023,Male,23,Adolescent,Clothing,2,500,1000
261,8/5/2023,Male,21,Adolescent,Clothing,2,25,50
269,2/1/2023,Male,25,Adolescent,Clothing,4,500,2000
274,4/9/2023,Female,23,Adolescent,Clothing,2,500,1000
288,1/26/2023,Male,28,Adolescent,Clothing,4,30,120
294,3/27/2023,Female,23,Adolescent,Clothing,3,30,90
296,9/6/2023,Female,22,Adolescent,Clothing,4,300,1200
301,3/26/2023,Male,30,Adolescent,Clothing,4,30,120
319,10/5/2023,Male,31,Adolescent,Clothing,1,500,500
326,9/15/2023,Female,18,Adolescent,Clothing,3,25,75
341,5/7/2023,Male,31,Adolescent,Clothing,4,50,200
365,6/11/2023,Male,31,Adolescent,Clothing,1,300,300
389,12/1/2023,Male,21,Adolescent,Clothing,2,25,50
392,12/8/2023,Male,27,Adolescent,Clothing,2,300,600
394,6/3/2023,Female,27,Adolescent,Clothing,1,500,500
405,11/6/2023,Female,25,Adolescent,Clothing,4,300,1200
410,11/21/2023,Female,29,Adolescent,Clothing,2,50,100
420,1/23/2023,Female,22,Adolescent,Clothing,4,500,2000
422,6/20/2023,Female,28,Adolescent,Clothing,3,30,90
423,3/8/2023,Female,27,Adolescent,Clothing,1,25,25
443,8/9/2023,Male,29,Adolescent,Clothing,2,300,600
453,12/8/2023,Female,26,Adolescent,Clothing,2,500,1000
459,3/21/2023,Male,28,Adolescent,Clothing,4,300,1200
474,7/15/2023,Female,26,Adolescent,Clothing,3,500,1500
475,1/20/2023,Male,26,Adolescent,Clothing,3,25,75
476,8/29/2023,Female,27,Adolescent,Clothing,4,500,2000
482,4/27/2023,Female,28,Adolescent,Clothing,4,300,1200
484,1/13/2023,Female,19,Adolescent,Clothing,4,300,1200
496,12/14/2023,Male,23,Adolescent,Clothing,2,300,600
538,9/17/2023,Male,18,Adolescent,Clothing,3,50,150
545,6/1/2023,Male,27,Adolescent,Clothing,2,25,50
553,3/31/2023,Male,24,Adolescent,Clothing,4,300,1200
563,8/9/2023,Male,20,Adolescent,Clothing,2,30,60
567,6/14/2023,Female,25,Adolescent,Clothing,3,300,900
572,4/20/2023,Male,31,Adolescent,Clothing,4,500,2000
580,12/6/2023,Female,31,Adolescent,Clothing,3,500,1500
585,5/1/2023,Female,24,Adolescent,Clothing,1,25,25
595,11/9/2023,Female,18,Adolescent,Clothing,4,500,2000
601,4/10/2023,Male,19,Adolescent,Clothing,1,30,30
625,12/8/2023,Male,31,Adolescent,Clothing,1,300,300
626,9/29/2023,Female,26,Adolescent,Clothing,4,500,2000
663,3/20/2023,Male,23,Adolescent,Clothing,4,300,1200
684,6/30/2023,Female,28,Adolescent,Clothing,2,500,1000
707,10/1/2023,Female,26,Adolescent,Clothing,1,500,500
714,2/12/2023,Female,18,Adolescent,Clothing,1,500,500
729,5/23/2023,Male,29,Adolescent,Clothing,4,300,1200
734,1/10/2023,Female,27,Adolescent,Clothing,1,30,30
736,1/27/2023,Male,29,Adolescent,Clothing,4,25,100
748,3/20/2023,Male,25,Adolescent,Clothing,3,50,150
752,12/9/2023,Male,29,Adolescent,Clothing,2,50,100
801,8/10/2023,Male,21,Adolescent,Clothing,4,50,200
836,4/19/2023,Female,22,Adolescent,Clothing,1,50,50
854,12/20/2023,Male,29,Adolescent,Clothing,1,50,50
878,6/30/2023,Female,20,Adolescent,Clothing,1,30,30
879,12/26/2023,Male,23,Adolescent,Clothing,1,30,30
884,4/29/2023,Female,26,Adolescent,Clothing,2,30,60
899,5/25/2023,Male,26,Adolescent,Clothing,2,300,600
900,2/21/2023,Male,21,Adolescent,Clothing,2,30,60
904,7/4/2023,Male,28,Adolescent,Clothing,1,500,500
906,6/4/2023,Female,20,Adolescent,Clothing,1,50,50
956,8/19/2023,Male,30,Adolescent,Clothing,3,500,1500
964,1/31/2023,Male,24,Adolescent,Clothing,3,300,900
965,11/9/2023,Male,22,Adolescent,Clothing,4,50,200
983,11/1/2023,Female,29,Adolescent,Clothing,1,300,300
987,4/29/2023,Female,30,Adolescent,Clothing,3,300,900
5,5/6/2023,Male,30,Adolescent,Beauty,2,50,100
32,1/4/2023,Male,30,Adolescent,Beauty,3,30,90
37,5/23/2023,Female,18,Adolescent,Beauty,3,25,75
50,8/24/2023,Female,27,Adolescent,Beauty,3,25,75
51,10/2/2023,Male,27,Adolescent,Beauty,3,25,75
55,10/10/2023,Male,31,Adolescent,Beauty,4,30,120
60,10/23/2023,Male,30,Adolescent,Beauty,3,50,150
61,4/9/2023,Male,21,Adolescent,Beauty,4,50,200
62,12/27/2023,Male,18,Adolescent,Beauty,2,50,100
74,11/22/2023,Female,18,Adolescent,Beauty,4,500,2000
86,11/8/2023,Male,19,Adolescent,Beauty,3,30,90
87,11/22/2023,Female,28,Adolescent,Beauty,2,50,100
108,4/19/2023,Female,27,Adolescent,Beauty,3,25,75
114,7/22/2023,Female,22,Adolescent,Beauty,4,25,100
128,7/5/2023,Male,25,Adolescent,Beauty,1,500,500
129,4/23/2023,Female,21,Adolescent,Beauty,2,300,600
131,9/18/2023,Female,21,Adolescent,Beauty,2,300,600
169,11/17/2023,Male,18,Adolescent,Beauty,3,500,1500
200,9/1/2023,Male,27,Adolescent,Beauty,3,50,150
213,7/24/2023,Male,27,Adolescent,Beauty,3,500,1500
214,12/10/2023,Male,20,Adolescent,Beauty,2,30,60
240,2/6/2023,Female,23,Adolescent,Beauty,1,300,300
244,12/9/2023,Male,28,Adolescent,Beauty,2,50,100
257,2/19/2023,Male,19,Adolescent,Beauty,4,500,2000
260,7/1/2023,Male,28,Adolescent,Beauty,2,30,60
263,8/28/2023,Male,23,Adolescent,Beauty,2,30,60
273,5/8/2023,Female,22,Adolescent,Beauty,1,50,50
276,10/2/2023,Female,21,Adolescent,Beauty,4,25,100
281,5/23/2023,Female,29,Adolescent,Beauty,4,500,2000
290,10/4/2023,Female,30,Adolescent,Beauty,2,300,600
292,2/17/2023,Male,20,Adolescent,Beauty,4,300,1200
295,7/28/2023,Female,27,Adolescent,Beauty,3,300,900
298,4/20/2023,Male,27,Adolescent,Beauty,4,300,1200
305,5/16/2023,Female,18,Adolescent,Beauty,1,30,30
309,12/23/2023,Female,26,Adolescent,Beauty,1,25,25
310,10/12/2023,Female,28,Adolescent,Beauty,1,25,25
323,1/26/2023,Female,29,Adolescent,Beauty,3,300,900
330,9/18/2023,Female,25,Adolescent,Beauty,4,50,200
350,10/17/2023,Male,25,Adolescent,Beauty,3,25,75
364,8/23/2023,Female,19,Adolescent,Beauty,1,500,500
371,2/21/2023,Female,20,Adolescent,Beauty,1,25,25
372,2/7/2023,Female,24,Adolescent,Beauty,3,500,1500
373,10/3/2023,Female,25,Adolescent,Beauty,2,300,600
391,1/5/2023,Male,19,Adolescent,Beauty,2,25,50
393,10/11/2023,Female,22,Adolescent,Beauty,2,500,1000
397,3/10/2023,Female,30,Adolescent,Beauty,1,25,25
406,4/18/2023,Female,22,Adolescent,Beauty,4,25,100
433,2/27/2023,Male,29,Adolescent,Beauty,4,50,200
435,12/20/2023,Female,30,Adolescent,Beauty,3,300,900
447,7/6/2023,Male,22,Adolescent,Beauty,4,500,2000
461,3/25/2023,Female,18,Adolescent,Beauty,2,500,1000
469,5/8/2023,Male,18,Adolescent,Beauty,3,25,75
495,7/24/2023,Male,24,Adolescent,Beauty,2,30,60
505,1/20/2023,Male,24,Adolescent,Beauty,1,50,50
516,10/23/2023,Male,30,Adolescent,Beauty,4,25,100
537,6/3/2023,Female,21,Adolescent,Beauty,1,500,500
539,6/8/2023,Male,25,Adolescent,Beauty,1,500,500
542,6/17/2023,Female,20,Adolescent,Beauty,1,50,50
555,10/19/2023,Male,25,Adolescent,Beauty,1,300,300
557,7/27/2023,Female,20,Adolescent,Beauty,3,30,90
577,2/13/2023,Male,21,Adolescent,Beauty,4,500,2000
584,2/17/2023,Female,27,Adolescent,Beauty,4,50,200
597,8/22/2023,Male,22,Adolescent,Beauty,4,300,1200
599,11/19/2023,Female,28,Adolescent,Beauty,2,50,100
610,1/3/2023,Female,26,Adolescent,Beauty,2,300,600
618,1/26/2023,Female,27,Adolescent,Beauty,1,50,50
628,11/1/2023,Female,19,Adolescent,Beauty,4,50,200
636,3/23/2023,Female,21,Adolescent,Beauty,3,500,1500
644,9/6/2023,Male,23,Adolescent,Beauty,3,25,75
656,10/4/2023,Male,29,Adolescent,Beauty,3,30,90
669,6/19/2023,Male,24,Adolescent,Beauty,4,300,1200
670,10/5/2023,Male,27,Adolescent,Beauty,1,30,30
677,10/27/2023,Female,19,Adolescent,Beauty,3,500,1500
679,1/11/2023,Female,18,Adolescent,Beauty,3,30,90
722,7/14/2023,Male,20,Adolescent,Beauty,3,300,900
740,2/5/2023,Female,25,Adolescent,Beauty,4,50,200
747,11/15/2023,Male,23,Adolescent,Beauty,1,30,30
760,3/27/2023,Male,27,Adolescent,Beauty,1,500,500
768,1/14/2023,Female,24,Adolescent,Beauty,3,25,75
785,3/3/2023,Female,31,Adolescent,Beauty,4,50,200
792,7/9/2023,Female,20,Adolescent,Beauty,1,50,50
805,12/29/2023,Female,30,Adolescent,Beauty,3,500,1500
817,10/31/2023,Male,30,Adolescent,Beauty,4,50,200
837,7/1/2023,Male,18,Adolescent,Beauty,3,30,90
843,5/22/2023,Male,21,Adolescent,Beauty,3,500,1500
850,7/28/2023,Female,26,Adolescent,Beauty,2,500,1000
853,5/4/2023,Male,21,Adolescent,Beauty,2,500,1000
880,8/21/2023,Male,22,Adolescent,Beauty,2,500,1000
910,3/6/2023,Female,20,Adolescent,Beauty,3,50,150
915,5/30/2023,Female,26,Adolescent,Beauty,3,30,90
919,9/9/2023,Female,22,Adolescent,Beauty,2,25,50
920,2/22/2023,Female,28,Adolescent,Beauty,3,25,75
929,1/27/2023,Female,23,Adolescent,Beauty,3,25,75
931,9/2/2023,Male,30,Adolescent,Beauty,4,30,120
933,2/3/2023,Male,22,Adolescent,Beauty,1,30,30
934,7/25/2023,Male,30,Adolescent,Beauty,1,500,500
945,2/13/2023,Male,30,Adolescent,Beauty,1,25,25
979,1/2/2023,Female,19,Adolescent,Beauty,1,25,25
998,10/29/2023,Female,23,Adolescent,Beauty,4,25,100
8,2/22/2023,Male,30,Adolescent,Electronics,4,25,100
13,8/5/2023,Male,22,Adolescent,Electronics,3,500,1500
26,10/7/2023,Female,28,Adolescent,Electronics,2,500,1000
46,6/26/2023,Female,20,Adolescent,Electronics,4,300,1200
68,2/10/2023,Male,25,Adolescent,Electronics,1,300,300
72,5/23/2023,Female,20,Adolescent,Electronics,4,500,2000
73,8/21/2023,Male,29,Adolescent,Electronics,3,30,90
76,3/25/2023,Female,22,Adolescent,Electronics,2,50,100
105,7/25/2023,Female,22,Adolescent,Electronics,1,500,500
117,3/15/2023,Male,19,Adolescent,Electronics,2,500,1000
118,5/16/2023,Female,30,Adolescent,Electronics,4,500,2000
121,10/15/2023,Female,28,Adolescent,Electronics,4,50,200
133,2/16/2023,Male,20,Adolescent,Electronics,3,300,900
141,11/2/2023,Female,22,Adolescent,Electronics,1,50,50
147,9/28/2023,Male,23,Adolescent,Electronics,1,300,300
155,5/17/2023,Male,31,Adolescent,Electronics,4,500,2000
175,3/20/2023,Female,31,Adolescent,Electronics,4,25,100
179,9/29/2023,Male,31,Adolescent,Electronics,1,300,300
181,11/3/2023,Male,19,Adolescent,Electronics,4,300,1200
184,1/10/2023,Male,31,Adolescent,Electronics,4,50,200
209,12/20/2023,Female,30,Adolescent,Electronics,4,50,200
235,1/31/2023,Female,23,Adolescent,Electronics,2,500,1000
241,9/21/2023,Female,23,Adolescent,Electronics,3,25,75
266,12/1/2023,Female,19,Adolescent,Electronics,2,30,60
268,2/20/2023,Female,28,Adolescent,Electronics,1,30,30
283,5/8/2023,Female,18,Adolescent,Electronics,1,500,500
285,8/15/2023,Female,31,Adolescent,Electronics,1,25,25
300,1/31/2023,Female,19,Adolescent,Electronics,4,50,200
303,1/2/2023,Male,19,Adolescent,Electronics,3,30,90
307,5/27/2023,Female,26,Adolescent,Electronics,2,25,50
317,1/30/2023,Male,22,Adolescent,Electronics,3,30,90
320,2/1/2023,Female,28,Adolescent,Electronics,4,300,1200
321,6/10/2023,Female,26,Adolescent,Electronics,2,25,50
331,2/11/2023,Male,28,Adolescent,Electronics,3,30,90
334,11/1/2023,Male,31,Adolescent,Electronics,3,300,900
339,3/3/2023,Female,22,Adolescent,Electronics,2,25,50
343,11/1/2023,Male,21,Adolescent,Electronics,2,25,50
353,5/14/2023,Male,31,Adolescent,Electronics,1,500,500
369,11/15/2023,Male,23,Adolescent,Electronics,3,500,1500
370,10/16/2023,Male,23,Adolescent,Electronics,2,30,60
409,12/18/2023,Female,21,Adolescent,Electronics,3,300,900
412,9/16/2023,Female,19,Adolescent,Electronics,4,500,2000
426,3/24/2023,Male,23,Adolescent,Electronics,3,50,150
427,8/15/2023,Male,25,Adolescent,Electronics,1,25,25
446,6/7/2023,Male,21,Adolescent,Electronics,1,50,50
449,7/3/2023,Male,25,Adolescent,Electronics,4,50,200
455,7/1/2023,Male,31,Adolescent,Electronics,4,25,100
485,12/4/2023,Male,24,Adolescent,Electronics,1,30,30
513,9/19/2023,Male,24,Adolescent,Electronics,4,25,100
514,3/1/2023,Female,18,Adolescent,Electronics,1,300,300
530,2/5/2023,Female,18,Adolescent,Electronics,4,30,120
531,12/7/2023,Male,31,Adolescent,Electronics,1,500,500
533,11/16/2023,Male,19,Adolescent,Electronics,3,500,1500
544,12/23/2023,Female,27,Adolescent,Electronics,1,25,25
556,6/4/2023,Female,18,Adolescent,Electronics,1,50,50
560,6/5/2023,Female,25,Adolescent,Electronics,1,50,50
583,6/21/2023,Female,24,Adolescent,Electronics,4,25,100
594,9/1/2023,Female,19,Adolescent,Electronics,2,300,600
602,12/23/2023,Female,20,Adolescent,Electronics,1,300,300
604,9/11/2023,Female,29,Adolescent,Electronics,4,50,200
606,5/5/2023,Male,22,Adolescent,Electronics,1,50,50
632,9/16/2023,Female,26,Adolescent,Electronics,4,25,100
643,9/24/2023,Female,28,Adolescent,Electronics,3,30,90
667,8/1/2023,Female,29,Adolescent,Electronics,1,500,500
686,7/19/2023,Female,28,Adolescent,Electronics,4,50,200
695,8/12/2023,Female,22,Adolescent,Electronics,3,50,150
709,7/21/2023,Female,19,Adolescent,Electronics,2,500,1000
710,10/31/2023,Female,26,Adolescent,Electronics,3,500,1500
711,10/16/2023,Male,26,Adolescent,Electronics,3,500,1500
762,11/7/2023,Female,24,Adolescent,Electronics,2,25,50
769,6/9/2023,Female,31,Adolescent,Electronics,4,30,120
771,12/13/2023,Male,24,Adolescent,Electronics,2,25,50
772,7/12/2023,Male,26,Adolescent,Electronics,1,30,30
773,7/23/2023,Male,25,Adolescent,Electronics,4,500,2000
812,11/12/2023,Male,19,Adolescent,Electronics,3,25,75
818,5/18/2023,Male,30,Adolescent,Electronics,1,500,500
831,1/15/2023,Male,27,Adolescent,Electronics,4,25,100
839,6/24/2023,Female,20,Adolescent,Electronics,4,300,1200
841,11/2/2023,Male,31,Adolescent,Electronics,4,25,100
847,4/8/2023,Female,18,Adolescent,Electronics,4,300,1200
858,9/9/2023,Male,23,Adolescent,Electronics,2,50,100
862,5/31/2023,Male,28,Adolescent,Electronics,4,300,1200
863,4/24/2023,Female,30,Adolescent,Electronics,2,25,50
866,5/5/2023,Male,24,Adolescent,Electronics,1,50,50
867,6/6/2023,Male,21,Adolescent,Electronics,1,500,500
868,12/6/2023,Female,25,Adolescent,Electronics,1,300,300
873,9/29/2023,Female,27,Adolescent,Electronics,4,25,100
881,5/19/2023,Male,22,Adolescent,Electronics,1,300,300
892,4/9/2023,Male,20,Adolescent,Electronics,1,50,50
896,10/29/2023,Female,30,Adolescent,Electronics,2,25,50
901,4/10/2023,Male,31,Adolescent,Electronics,1,30,30
909,10/1/2023,Male,26,Adolescent,Electronics,1,300,300
913,1/28/2023,Male,29,Adolescent,Electronics,3,30,90
925,9/3/2023,Male,25,Adolescent,Electronics,1,300,300
926,8/14/2023,Male,22,Adolescent,Electronics,1,30,30
940,1/28/2023,Female,20,Adolescent,Electronics,1,30,30
948,10/13/2023,Female,23,Adolescent,Electronics,3,25,75
971,12/5/2023,Female,27,Adolescent,Electronics,4,50,200
980,7/29/2023,Female,31,Adolescent,Electronics,3,25,75
981,8/19/2023,Female,30,Adolescent,Electronics,2,30,60
985,5/30/2023,Female,19,Adolescent,Electronics,2,25,50
9,12/13/2023,Male,63,Old,Electronics,2,300,600
14,1/17/2023,Male,64,Old,Clothing,4,30,120
19,9/16/2023,Female,62,Old,Clothing,2,25,50
25,12/26/2023,Female,64,Old,Beauty,1,50,50
35,8/5/2023,Female,58,Old,Beauty,3,300,900
45,7/3/2023,Female,55,Old,Electronics,1,30,30
57,11/18/2023,Female,63,Old,Beauty,1,30,30
59,7/5/2023,Male,62,Old,Clothing,1,50,50
63,2/5/2023,Male,57,Old,Electronics,2,25,50
69,4/30/2023,Female,56,Old,Beauty,3,25,75
75,7/6/2023,Male,61,Old,Beauty,4,50,200
80,12/10/2023,Female,64,Old,Clothing,2,30,60
88,3/29/2023,Male,56,Old,Clothing,1,500,500
89,10/1/2023,Female,55,Old,Electronics,4,500,2000
91,3/25/2023,Female,55,Old,Electronics,1,500,500
98,4/23/2023,Female,55,Old,Beauty,2,50,100
103,1/17/2023,Female,59,Old,Clothing,1,25,25
119,3/13/2023,Female,60,Old,Clothing,3,50,150
120,5/7/2023,Male,60,Old,Beauty,1,50,50
122,10/3/2023,Male,64,Old,Electronics,4,30,120
130,3/12/2023,Female,57,Old,Clothing,1,500,500
144,7/15/2023,Female,59,Old,Beauty,3,500,1500
150,1/6/2023,Female,58,Old,Electronics,4,30,120
153,12/16/2023,Male,63,Old,Electronics,2,500,1000
157,6/24/2023,Male,62,Old,Electronics,4,500,2000
161,3/22/2023,Male,64,Old,Beauty,2,500,1000
163,1/2/2023,Female,64,Old,Clothing,3,50,150
165,9/14/2023,Female,60,Old,Clothing,4,300,1200
173,11/8/2023,Male,64,Old,Electronics,4,30,120
182,6/15/2023,Male,62,Old,Beauty,4,30,120
187,6/7/2023,Female,64,Old,Clothing,2,50,100
189,1/30/2023,Male,63,Old,Beauty,1,50,50
190,5/4/2023,Female,60,Old,Beauty,3,30,90
191,10/18/2023,Male,64,Old,Beauty,1,25,25
192,2/10/2023,Male,62,Old,Beauty,2,50,100
194,9/6/2023,Male,55,Old,Clothing,4,50,200
201,10/9/2023,Male,56,Old,Electronics,1,25,25
203,5/16/2023,Male,56,Old,Clothing,2,500,1000
206,8/5/2023,Male,61,Old,Clothing,1,25,25
215,11/29/2023,Male,58,Old,Clothing,3,500,1500
216,7/11/2023,Male,62,Old,Electronics,2,50,100
218,9/22/2023,Male,64,Old,Beauty,3,30,90
220,3/3/2023,Male,64,Old,Beauty,1,500,500
223,2/2/2023,Female,64,Old,Clothing,1,25,25
225,1/11/2023,Female,57,Old,Beauty,4,25,100
226,10/29/2023,Female,61,Old,Clothing,1,50,50
228,4/28/2023,Female,59,Old,Electronics,2,30,60
229,10/29/2023,Male,58,Old,Beauty,3,30,90
234,11/20/2023,Female,62,Old,Electronics,2,25,50
251,8/31/2023,Female,57,Old,Beauty,4,50,200
265,12/11/2023,Male,55,Old,Clothing,3,300,900
271,6/23/2023,Female,62,Old,Beauty,4,30,120
272,2/25/2023,Female,61,Old,Electronics,2,50,100
282,8/25/2023,Female,64,Old,Electronics,4,50,200
286,10/9/2023,Male,55,Old,Electronics,2,25,50
291,1/8/2023,Male,60,Old,Clothing,2,300,600
299,7/25/2023,Male,61,Old,Electronics,2,500,1000
302,7/14/2023,Male,57,Old,Beauty,2,300,600
313,3/21/2023,Female,55,Old,Beauty,3,500,1500
318,10/24/2023,Male,61,Old,Clothing,1,25,25
327,9/29/2023,Male,57,Old,Electronics,3,50,150
332,4/6/2023,Male,58,Old,Electronics,4,300,1200
345,11/14/2023,Male,62,Old,Electronics,1,30,30
346,2/11/2023,Male,59,Old,Clothing,2,500,1000
349,10/26/2023,Female,57,Old,Beauty,1,50,50
351,9/25/2023,Female,56,Old,Clothing,3,30,90
352,6/11/2023,Male,57,Old,Electronics,2,500,1000
355,12/9/2023,Female,55,Old,Electronics,1,500,500
363,6/3/2023,Male,64,Old,Beauty,1,25,25
366,2/7/2023,Male,57,Old,Clothing,2,50,100
367,1/5/2023,Female,57,Old,Electronics,1,50,50
368,8/23/2023,Female,56,Old,Clothing,4,300,1200
374,4/20/2023,Female,59,Old,Beauty,3,25,75
376,5/16/2023,Female,64,Old,Beauty,1,30,30
380,5/6/2023,Male,56,Old,Electronics,2,300,600
384,8/13/2023,Male,55,Old,Clothing,1,500,500
396,2/23/2023,Female,55,Old,Beauty,1,30,30
399,3/1/2023,Female,64,Old,Beauty,2,30,60
401,10/11/2023,Female,62,Old,Clothing,1,300,300
408,4/15/2023,Female,64,Old,Beauty,1,500,500
411,5/16/2023,Male,62,Old,Electronics,4,50,200
418,8/5/2023,Female,60,Old,Electronics,2,500,1000
424,11/23/2023,Male,57,Old,Beauty,4,300,1200
425,5/15/2023,Female,55,Old,Electronics,4,30,120
429,12/28/2023,Male,64,Old,Electronics,2,25,50
431,10/15/2023,Male,63,Old,Electronics,4,300,1200
432,1/5/2023,Female,60,Old,Electronics,2,500,1000
436,3/18/2023,Female,57,Old,Clothing,4,30,120
440,10/26/2023,Male,64,Old,Clothing,2,300,600
441,10/10/2023,Male,57,Old,Beauty,4,300,1200
442,3/17/2023,Female,60,Old,Clothing,4,25,100
444,3/7/2023,Female,61,Old,Clothing,3,30,90
450,4/18/2023,Female,59,Old,Beauty,2,25,50
456,10/14/2023,Male,57,Old,Electronics,2,30,60
457,7/28/2023,Female,58,Old,Beauty,3,300,900
462,4/1/2023,Male,63,Old,Electronics,4,300,1200
466,6/20/2023,Male,63,Old,Electronics,4,25,100
470,5/17/2023,Female,57,Old,Clothing,2,500,1000
473,2/25/2023,Male,64,Old,Beauty,1,50,50
478,4/13/2023,Female,58,Old,Clothing,2,30,60
483,4/25/2023,Male,55,Old,Clothing,1,30,30
491,5/23/2023,Female,60,Old,Electronics,3,300,900
492,6/29/2023,Male,61,Old,Beauty,4,25,100
500,3/1/2023,Female,60,Old,Beauty,4,25,100
508,8/11/2023,Male,58,Old,Beauty,2,300,600
512,11/7/2023,Female,57,Old,Beauty,1,25,25
523,9/24/2023,Female,62,Old,Electronics,1,300,300
527,4/11/2023,Male,57,Old,Clothing,2,25,50
532,6/19/2023,Female,64,Old,Clothing,4,30,120
536,3/5/2023,Female,55,Old,Beauty,4,30,120
541,7/29/2023,Male,56,Old,Beauty,1,500,500
547,3/7/2023,Male,63,Old,Clothing,4,500,2000
561,5/27/2023,Female,64,Old,Clothing,4,500,2000
566,12/2/2023,Female,64,Old,Clothing,1,30,30
574,8/31/2023,Female,63,Old,Electronics,2,25,50
575,3/28/2023,Male,60,Old,Clothing,2,50,100
596,2/7/2023,Female,64,Old,Electronics,1,300,300
600,10/22/2023,Female,59,Old,Beauty,2,500,1000
608,12/2/2023,Female,55,Old,Electronics,3,500,1500
612,8/6/2023,Female,61,Old,Electronics,1,500,500
615,12/23/2023,Female,61,Old,Clothing,4,25,100
620,5/8/2023,Male,63,Old,Electronics,3,25,75
627,10/14/2023,Male,57,Old,Clothing,1,50,50
629,6/12/2023,Male,62,Old,Electronics,2,25,50
631,11/10/2023,Male,56,Old,Electronics,3,30,90
634,10/8/2023,Male,60,Old,Electronics,4,500,2000
635,8/17/2023,Female,63,Old,Electronics,3,300,900
639,5/13/2023,Female,62,Old,Beauty,4,50,200
647,5/21/2023,Male,59,Old,Clothing,3,500,1500
649,2/9/2023,Female,58,Old,Clothing,2,300,600
650,1/1/2024,Male,55,Old,Electronics,1,30,30
655,6/13/2023,Female,55,Old,Clothing,1,500,500
658,3/12/2023,Male,59,Old,Clothing,1,25,25
665,4/20/2023,Male,57,Old,Clothing,1,50,50
668,7/28/2023,Female,62,Old,Electronics,3,50,150
671,8/27/2023,Male,62,Old,Electronics,3,50,150
676,7/19/2023,Male,63,Old,Electronics,3,500,1500
678,12/23/2023,Female,60,Old,Electronics,3,300,900
685,6/2/2023,Male,57,Old,Electronics,2,25,50
688,10/3/2023,Male,56,Old,Clothing,4,25,100
689,10/7/2023,Male,57,Old,Electronics,2,50,100
692,9/7/2023,Female,64,Old,Clothing,2,50,100
698,7/19/2023,Female,64,Old,Electronics,1,300,300
702,7/27/2023,Female,60,Old,Clothing,2,300,600
704,8/28/2023,Female,62,Old,Clothing,3,30,90
705,3/7/2023,Male,60,Old,Electronics,2,25,50
712,12/6/2023,Female,57,Old,Beauty,2,25,50
716,8/8/2023,Female,60,Old,Clothing,4,300,1200
717,3/11/2023,Male,57,Old,Clothing,1,500,500
718,8/25/2023,Female,59,Old,Beauty,3,25,75
720,1/26/2023,Female,56,Old,Beauty,3,500,1500
724,4/19/2023,Male,61,Old,Clothing,3,50,150
725,8/21/2023,Male,61,Old,Electronics,1,300,300
727,6/22/2023,Male,55,Old,Beauty,3,300,900
732,2/11/2023,Male,61,Old,Electronics,2,500,1000
735,10/4/2023,Female,64,Old,Clothing,4,500,2000
755,4/22/2023,Female,58,Old,Clothing,3,25,75
756,8/27/2023,Female,62,Old,Electronics,4,300,1200
758,5/12/2023,Male,64,Old,Clothing,4,25,100
779,5/5/2023,Female,56,Old,Electronics,2,500,1000
782,6/4/2023,Male,59,Old,Clothing,3,300,900
783,12/17/2023,Female,56,Old,Clothing,1,300,300
789,9/30/2023,Female,61,Old,Clothing,4,500,2000
790,8/8/2023,Male,62,Old,Clothing,1,25,25
794,9/17/2023,Female,60,Old,Beauty,1,300,300
795,11/28/2023,Male,57,Old,Electronics,1,300,300
798,8/4/2023,Male,61,Old,Clothing,1,50,50
799,9/8/2023,Male,56,Old,Electronics,2,50,100
809,9/25/2023,Female,62,Old,Beauty,2,50,100
810,11/30/2023,Male,59,Old,Electronics,4,25,100
811,5/19/2023,Male,61,Old,Beauty,2,25,50
814,9/5/2023,Female,59,Old,Clothing,1,500,500
823,8/19/2023,Female,56,Old,Electronics,2,50,100
824,5/5/2023,Male,63,Old,Clothing,4,30,120
827,11/9/2023,Male,61,Old,Beauty,3,300,900
829,7/14/2023,Male,61,Old,Beauty,3,30,90
830,6/22/2023,Female,64,Old,Clothing,3,50,150
834,4/4/2023,Female,56,Old,Beauty,2,30,60
840,5/24/2023,Male,62,Old,Clothing,2,25,50
848,2/13/2023,Female,63,Old,Clothing,3,25,75
857,12/31/2023,Male,60,Old,Electronics,2,25,50
859,8/18/2023,Female,56,Old,Electronics,3,500,1500
860,1/9/2023,Male,63,Old,Clothing,4,50,200
871,8/31/2023,Male,62,Old,Beauty,2,30,60
872,10/11/2023,Female,63,Old,Beauty,3,25,75
874,6/26/2023,Male,60,Old,Beauty,1,30,30
877,6/19/2023,Female,58,Old,Clothing,1,25,25
882,6/6/2023,Female,64,Old,Electronics,2,25,50
887,6/11/2023,Male,59,Old,Clothing,4,25,100
895,5/22/2023,Female,55,Old,Clothing,4,30,120
897,9/26/2023,Female,64,Old,Electronics,2,50,100
905,4/2/2023,Male,58,Old,Beauty,1,300,300
914,10/11/2023,Female,59,Old,Electronics,1,500,500
917,3/6/2023,Female,57,Old,Electronics,4,50,200
924,8/29/2023,Male,55,Old,Beauty,2,50,100
936,2/7/2023,Male,57,Old,Beauty,4,50,200
937,10/23/2023,Female,62,Old,Beauty,1,500,500
941,3/19/2023,Female,57,Old,Clothing,2,25,50
943,10/16/2023,Female,57,Old,Clothing,4,300,1200
946,5/8/2023,Male,62,Old,Electronics,4,500,2000
952,11/13/2023,Female,57,Old,Clothing,1,25,25
955,7/14/2023,Male,58,Old,Clothing,1,25,25
957,8/15/2023,Female,60,Old,Electronics,4,30,120
958,6/2/2023,Male,62,Old,Electronics,2,25,50
960,8/8/2023,Male,59,Old,Clothing,2,30,60
963,11/14/2023,Female,55,Old,Beauty,1,50,50
966,2/20/2023,Male,60,Old,Electronics,2,500,1000
967,4/17/2023,Male,62,Old,Beauty,1,25,25
970,5/16/2023,Male,59,Old,Electronics,4,500,2000
973,3/22/2023,Male,60,Old,Clothing,1,50,50
975,3/30/2023,Female,56,Old,Clothing,4,50,200
984,8/29/2023,Male,56,Old,Clothing,1,500,500
988,5/28/2023,Female,63,Old,Clothing,3,25,75
990,5/25/2023,Female,58,Old,Beauty,2,500,1000
992,8/21/2023,Female,57,Old,Electronics,2,30,60
996,5/16/2023,Male,62,Old,Clothing,1,50,50
